{"cameraMode":{"drawMode":0,"name":"Shaded","section":"Shading Mode"},"sceneLighting":true,"audioPlay":false,"sceneViewState":{"m_AlwaysRefresh":false,"showFog":true,"showSkybox":true,"showFlares":true,"showImageEffects":true,"showParticleSystems":true,"showVisualEffectGraphs":true,"m_FxEnabled":true},"in2DMode":false,"pivot":{"x":3.2596521377563478,"y":-6.0291948318481449,"z":16.654346466064454},"rotation":{"x":-0.1921381950378418,"y":-0.06706448644399643,"z":0.013187440112233162,"w":-0.9789334535598755},"size":11.342474937438965,"orthographic":false}